password,zid,name,email,role
tweetelementary,9482345,Armand Wojtczak,tweetelementary@gmail.com,trainee
espumacentaurs,9443910,Taneka Burnes,espumacentaurs@gmail.com,trainee
moyleshissing,9615707,Yang Buzzard,moyleshissing@gmail.com,trainee
madcaphave,9667033,Maris Saner,madcaphave@gmail.com,trainee
draughtpedals,9925998,Jerrod Searfoss,draughtpedals@gmail.com,trainee
adjectiveseye,9295413,Elli Fells,adjectiveseye@gmail.com,trainee
kafire,9821443,Lashawn Upham,kafire@gmail.com,trainee
demandartificial,9132067,Mary Eifert,demandartificial@gmail.com,trainee
taxitalented,9475227,Ling Lenton,taxitalented@gmail.com,trainee
whipwild,9904529,Hilde Hartgrove,whipwild@gmail.com,trainer
patternnamibian,9542080,Jovan Hornback,patternnamibian@gmail.com,trainer
expectantambivalent,9309516,Renata Evert,expectantambivalent@gmail.com,trainer
blueeyedchutney,9257861,Mohammad Bruggeman,blueeyedchutney@gmail.com,trainer
atmospherepowdered,9647668,Rolf Leeson,atmospherepowdered@gmail.com,trainer
handmadepoles,9227193,Verna Kong,handmadepoles@gmail.com,trainer
castorable,9507276,Silva Moloney,castorable@gmail.com,trainer
motherpinhooking,9704160,Masako Singleterry,motherpinhooking@gmail.com,trainer
momentfunctional,9062723,Ingeborg Oubre,momentfunctional@gmail.com,trainer
informalfrontal,9160397,Anamaria Kershner,informalfrontal@gmail.com,trainer
apricotsbile,9461616,Marie Roan,apricotsbile@gmail.com,trainer
lotterysunrise,9606359,Victor Flansburg,lotterysunrise@gmail.com,trainer
usereasy,9025836,Antonina Donis,usereasy@gmail.com,trainer
eatabletaylor,9036148,Emma Corter,eatabletaylor@gmail.com,trainer
vacantwakeful,9933433,Hettie Henke,vacantwakeful@gmail.com,trainer
facultythriving,,Demetra Million,facultythriving@gmail.com,guest
secvolley,,Deandra Chappell,secvolley@gmail.com,guest
developerstingy,,Deshawn Winkelman,developerstingy@gmail.com,guest
hamletsvirology,,Ligia Boydstun,hamletsvirology@gmail.com,guest
smokeunchecked,,Herlinda Fuson,smokeunchecked@gmail.com,guest
consentbat,,Regena Higginbottom,consentbat@gmail.com,guest
opticrespectful,,Kurtis Pesola,opticrespectful@gmail.com,guest
existhog,,Danica Borchert,existhog@gmail.com,guest
roughflagged,,Tatyana Hugh,roughflagged@gmail.com,guest
cheeseyages,,January Agarwal,cheeseyages@gmail.com,guest
bubbleiris,,Laverne Swigart,bubbleiris@gmail.com,guest
gatoradekickin,,Carroll Snell,gatoradekickin@gmail.com,guest
baguettepantheon,,Gilberto Fairley,baguettepantheon@gmail.com,guest
fadgloves,,Josephine Roker,fadgloves@gmail.com,guest
airbumps,,Tashia Goodman,airbumps@gmail.com,guest
philipsfelsic,,Shavonda Thill,philipsfelsic@gmail.com,guest
stellerburkitt,,Sabra Hennen,stellerburkitt@gmail.com,guest
skipopposed,,Jarrett Marcinko,skipopposed@gmail.com,guest
dartmoortoucan,,Hisako Shockley,dartmoortoucan@gmail.com,guest
systemscheduled,,Lyle Narcisse,systemscheduled@gmail.com,guest
catchermuted,,Lita Addario,catchermuted@gmail.com,guest
flickroffspring,,Monique Hove,flickroffspring@gmail.com,guest
hatsobey,,Glory Lobb,hatsobey@gmail.com,guest
arcoviolins,,Akiko Mater,arcoviolins@gmail.com,guest
meatynimble,,Chris Abalos,meatynimble@gmail.com,guest
crosshairscomis,,Cierra Fripp,crosshairscomis@gmail.com,guest
ageofmethology,,Armand Wojtczak,ageofmethology@gmail.com,guest
